{"cameraMode":{"drawMode":0,"name":"Shaded","section":"Shading Mode"},"sceneLighting":true,"audioPlay":false,"sceneViewState":{"showFog":true,"showMaterialUpdate":true,"showSkybox":true,"showFlares":true,"showImageEffects":true,"showParticleSystems":true},"in2DMode":false,"pivot":{"x":25.698511123657228,"y":24.0234375,"z":8.348252296447754},"rotation":{"x":0.2767144739627838,"y":0.43504539132118227,"z":-0.14248158037662507,"w":0.8449047803878784},"size":106.41098022460938,"orthographic":true}